<?xml version="1.0"?>
<!DOCTYPE hibernate-mapping PUBLIC "-//Hibernate/Hibernate Mapping DTD 3.0//EN"
"http://www.hibernate.org/dtd/hibernate-mapping-3.0.dtd">
<!-- Generated 18/08/2014 04:31:07 PM by Hibernate Tools 3.6.0 -->
<hibernate-mapping>
    <class name="com.sain.modelo.Asistencia" table="asistencia" schema="public">
        <id name="id" type="int">
            <column name="id" />
            <generator class="assigned" />
        </id>
        <many-to-one name="curso" class="com.sain.modelo.Curso" fetch="select">
            <column name="idcurso" not-null="true" />
        </many-to-one>
        <many-to-one name="matricula" class="com.sain.modelo.Matricula" fetch="select">
            <column name="idmatricula" not-null="true" />
        </many-to-one>
        <property name="estado" type="java.lang.Boolean">
            <column name="estado" />
        </property>
        <property name="fecha" type="date">
            <column name="fecha" length="13" />
        </property>
    </class>
</hibernate-mapping>
