<?xml version="1.0"?>
<!DOCTYPE hibernate-mapping PUBLIC "-//Hibernate/Hibernate Mapping DTD 3.0//EN"
"http://www.hibernate.org/dtd/hibernate-mapping-3.0.dtd">
<!-- Generated 18/08/2014 04:31:07 PM by Hibernate Tools 3.6.0 -->
<hibernate-mapping>
    <class name="com.sain.modelo.Estudiante" table="estudiante" schema="public">
        <id name="id" type="int">
            <column name="id" />
            <generator class="assigned" />
        </id>
        <property name="nombre" type="string">
            <column name="nombre" length="45" not-null="true" />
        </property>
        <property name="apellido" type="string">
            <column name="apellido" length="45" not-null="true" />
        </property>
        <property name="direccion" type="string">
            <column name="direccion" length="45" not-null="true" />
        </property>
        <property name="representante" type="string">
            <column name="representante" length="45" not-null="true" />
        </property>
        <property name="telefono" type="string">
            <column name="telefono" length="45" not-null="true" />
        </property>
        <set name="citacions" table="citacion" inverse="true" lazy="true" fetch="select">
            <key>
                <column name="idestudiante" not-null="true" />
            </key>
            <one-to-many class="com.sain.modelo.Citacion" />
        </set>
        <set name="matriculas" table="matricula" inverse="true" lazy="true" fetch="select">
            <key>
                <column name="idestudiante" not-null="true" />
            </key>
            <one-to-many class="com.sain.modelo.Matricula" />
        </set>
    </class>
</hibernate-mapping>
