<?xml version="1.0"?>
<!DOCTYPE hibernate-mapping PUBLIC "-//Hibernate/Hibernate Mapping DTD 3.0//EN"
"http://www.hibernate.org/dtd/hibernate-mapping-3.0.dtd">
<!-- Generated 18/08/2014 04:31:07 PM by Hibernate Tools 3.6.0 -->
<hibernate-mapping>
    <class name="com.sain.modelo.Materia" table="materia" schema="public">
        <id name="id" type="int">
            <column name="id" />
            <generator class="assigned" />
        </id>
        <many-to-one name="curso" class="com.sain.modelo.Curso" fetch="select">
            <column name="idcurso" not-null="true" />
        </many-to-one>
        <many-to-one name="empleado" class="com.sain.modelo.Empleado" fetch="select">
            <column name="idempleado" not-null="true" />
        </many-to-one>
        <many-to-one name="planificacion" class="com.sain.modelo.Planificacion" fetch="select">
            <column name="idplanificacion" not-null="true" />
        </many-to-one>
        <property name="nombre" type="string">
            <column name="nombre" length="45" not-null="true" />
        </property>
        <set name="quimestres" table="quimestre" inverse="true" lazy="true" fetch="select">
            <key>
                <column name="idmateria" not-null="true" />
            </key>
            <one-to-many class="com.sain.modelo.Quimestre" />
        </set>
    </class>
</hibernate-mapping>
