<?xml version="1.0"?>
<!DOCTYPE hibernate-mapping PUBLIC "-//Hibernate/Hibernate Mapping DTD 3.0//EN"
"http://www.hibernate.org/dtd/hibernate-mapping-3.0.dtd">
<!-- Generated 18/08/2014 04:31:07 PM by Hibernate Tools 3.6.0 -->
<hibernate-mapping>
    <class name="com.sain.modelo.Modulo" table="modulo" schema="public">
        <id name="id" type="int">
            <column name="id" />
            <generator class="assigned" />
        </id>
        <many-to-one name="planificacion" class="com.sain.modelo.Planificacion" fetch="select">
            <column name="idplanificacion" not-null="true" />
        </many-to-one>
        <property name="nombre" type="string">
            <column name="nombre" length="45" not-null="true" />
        </property>
        <property name="descripcion" type="string">
            <column name="descripcion" length="45" not-null="true" />
        </property>
        <set name="unidads" table="unidad" inverse="true" lazy="true" fetch="select">
            <key>
                <column name="idmodulo" not-null="true" />
            </key>
            <one-to-many class="com.sain.modelo.Unidad" />
        </set>
    </class>
</hibernate-mapping>
