<?xml version="1.0"?>
<!DOCTYPE hibernate-mapping PUBLIC "-//Hibernate/Hibernate Mapping DTD 3.0//EN"
"http://www.hibernate.org/dtd/hibernate-mapping-3.0.dtd">
<!-- Generated 18/08/2014 04:31:07 PM by Hibernate Tools 3.6.0 -->
<hibernate-mapping>
    <class name="com.sain.modelo.Parametro" table="parametro" schema="public">
        <id name="id" type="int">
            <column name="id" />
            <generator class="assigned" />
        </id>
        <property name="nombre" type="string">
            <column name="nombre" length="40" not-null="true" />
        </property>
        <property name="valor" type="string">
            <column name="valor" length="80" not-null="true" />
        </property>
        <set name="evidencias" table="evidencia" inverse="true" lazy="true" fetch="select">
            <key>
                <column name="idparametro" not-null="true" />
            </key>
            <one-to-many class="com.sain.modelo.Evidencia" />
        </set>
    </class>
</hibernate-mapping>
