<?xml version="1.0"?>
<!DOCTYPE hibernate-mapping PUBLIC "-//Hibernate/Hibernate Mapping DTD 3.0//EN"
"http://www.hibernate.org/dtd/hibernate-mapping-3.0.dtd">
<!-- Generated 18/08/2014 04:31:07 PM by Hibernate Tools 3.6.0 -->
<hibernate-mapping>
    <class name="com.sain.modelo.Parcial" table="parcial" schema="public">
        <id name="id" type="int">
            <column name="id" />
            <generator class="assigned" />
        </id>
        <many-to-one name="quimestre" class="com.sain.modelo.Quimestre" fetch="select">
            <column name="idquimestre" not-null="true" />
        </many-to-one>
        <property name="numero" type="int">
            <column name="numero" not-null="true" />
        </property>
        <property name="calificacion" type="float">
            <column name="calificacion" precision="8" scale="8" not-null="true" />
        </property>
    </class>
</hibernate-mapping>
