<?xml version="1.0"?>
<!DOCTYPE hibernate-mapping PUBLIC "-//Hibernate/Hibernate Mapping DTD 3.0//EN"
"http://www.hibernate.org/dtd/hibernate-mapping-3.0.dtd">
<!-- Generated 18/08/2014 04:31:07 PM by Hibernate Tools 3.6.0 -->
<hibernate-mapping>
    <class name="com.sain.modelo.Rol" table="rol" schema="public">
        <id name="id" type="int">
            <column name="id" />
            <generator class="assigned" />
        </id>
        <property name="tipo" type="string">
            <column name="tipo" length="20" not-null="true" />
        </property>
        <set name="rolempleados" table="rolempleado" inverse="true" lazy="true" fetch="select">
            <key>
                <column name="idrol" not-null="true" />
            </key>
            <one-to-many class="com.sain.modelo.Rolempleado" />
        </set>
    </class>
</hibernate-mapping>
