<?xml version="1.0"?>
<!DOCTYPE hibernate-mapping PUBLIC "-//Hibernate/Hibernate Mapping DTD 3.0//EN"
"http://www.hibernate.org/dtd/hibernate-mapping-3.0.dtd">
<!-- Generated 18/08/2014 04:31:07 PM by Hibernate Tools 3.6.0 -->
<hibernate-mapping>
    <class name="com.sain.modelo.Rolempleado" table="rolempleado" schema="public">
        <id name="id" type="int">
            <column name="id" />
            <generator class="assigned" />
        </id>
        <many-to-one name="rol" class="com.sain.modelo.Rol" fetch="select">
            <column name="idrol" not-null="true" />
        </many-to-one>
        <many-to-one name="empleado" class="com.sain.modelo.Empleado" fetch="select">
            <column name="idempleado" not-null="true" />
        </many-to-one>
    </class>
</hibernate-mapping>
