<?xml version="1.0" encoding="UTF-8"?>
<beans xmlns="http://www.springframework.org/schema/beans"
       xmlns:xsi="http://www.w3.org/2001/XMLSchema-instance"
       xmlns:aop="http://www.springframework.org/schema/aop"
       xmlns:c="http://www.springframework.org/schema/c"
       xmlns:context="http://www.springframework.org/schema/context"
       xmlns:flow="http://www.springframework.org/schema/webflow-config"
       xmlns:jee="http://www.springframework.org/schema/jee"
       xmlns:jms="http://www.springframework.org/schema/jms"
       xmlns:lang="http://www.springframework.org/schema/lang"
       xmlns:osgi="http://www.springframework.org/schema/osgi"
       xmlns:p="http://www.springframework.org/schema/p"
       xmlns:tx="http://www.springframework.org/schema/tx"
       xmlns:util="http://www.springframework.org/schema/util"
       xmlns:sec="http://www.springframework.org/schema/security"

       xsi:schemaLocation="http://www.springframework.org/schema/beans http://www.springframework.org/schema/beans/spring-beans-3.1.xsd
          http://www.springframework.org/schema/aop http://www.springframework.org/schema/aop/spring-aop-3.1.xsd
          http://www.springframework.org/schema/context http://www.springframework.org/schema/context/spring-context-3.1.xsd
          http://www.springframework.org/schema/webflow-config http://www.springframework.org/schema/webflow-config/spring-webflow-config-2.0.xsd
          http://www.springframework.org/schema/jee http://www.springframework.org/schema/jee/spring-jee-3.1.xsd
          http://www.springframework.org/schema/jms http://www.springframework.org/schema/jms/spring-jms-3.1.xsd
          http://www.springframework.org/schema/lang http://www.springframework.org/schema/lang/spring-lang-3.1.xsd
          http://www.springframework.org/schema/osgi http://www.springframework.org/schema/osgi/spring-osgi-1.2.xsd
          http://www.springframework.org/schema/tx http://www.springframework.org/schema/tx/spring-tx-3.1.xsd
          http://www.springframework.org/schema/util http://www.springframework.org/schema/util/spring-util-3.1.xsd
          http://www.springframework.org/schema/security
       http://www.springframework.org/schema/security/spring-security-3.1.xsd">
    <context:annotation-config/>
    <context:component-scan base-package="com.sain" />
        
     <import resource="springConfig/database/DataSource.xml"/>
     <import resource="springConfig/database/HibernateSessionFactory.xml"/>  
     <import resource="springConfig/beansInjections/userBean.xml"/>
     
     <!-- Se crea un propio view scope ya que spring no lo implementa por defecto-->
     <bean class="org.springframework.beans.factory.config.CustomScopeConfigurer">
        <property name="scopes">
            <map>
                <entry key="view">
                    <bean class="com.sain.spring.ViewScope"/>
                </entry>
            </map>
        </property>
    </bean>
     
</beans>
