<?xml version="1.0" encoding="UTF-8"?>

<beans xmlns="http://www.springframework.org/schema/beans"
    xmlns:sec="http://www.springframework.org/schema/security"
    xmlns:xsi="http://www.w3.org/2001/XMLSchema-instance"
    xsi:schemaLocation="http://www.springframework.org/schema/beans http://www.springframework.org/schema/beans/spring-beans-3.0.xsd
                        http://www.springframework.org/schema/security http://www.springframework.org/schema/security/spring-security-3.0.xsd">
    <sec:http entry-point-ref="casProcessingFilterEntryPoint">
            <sec:custom-filter before="CAS_FILTER" ref="casSingleSignOutFilter"/>
            <sec:custom-filter after="CAS_FILTER"  ref="casFilter"/>
            <sec:intercept-url pattern="/faces/pages/Inspector/**" access="ROLE_INSPECTOR" />
            <sec:intercept-url pattern="/faces/pages/Profesor/**" access="ROLE_PROFESOR" />
            <sec:intercept-url pattern="/faces/pages/Rector/**" access="ROLE_RECTOR" />
            <sec:intercept-url pattern="/faces/pages/Secretario/**" access="ROLE_SECRETARIO" />
            <sec:intercept-url pattern="/falla.xhtml" access="ROLE_SUPERVISOR" />
        <sec:logout logout-success-url="https://grupof:8443/cas/logout" invalidate-session="true" logout-url="/logout"/>
    </sec:http>
    
    <bean id="serviceProperties" class="org.springframework.security.cas.ServiceProperties">
        <property name="service" value="https://grupof:8443/SAIN/j_spring_cas_security_check"/>
        <property name="sendRenew" value="false"/>
    </bean>
    
    <bean id="casProcessingFilterEntryPoint" class="org.springframework.security.cas.web.CasAuthenticationEntryPoint">
        <property name="loginUrl" value="https://grupof:8443/cas/login"/>
        <property name="serviceProperties" ref="serviceProperties"/>
    </bean>
    
    <bean id="passwordEncoder" class="org.springframework.security.authentication.encoding.ShaPasswordEncoder"/>
    <bean id="casSingleSignOutFilter" class="org.jasig.cas.client.session.SingleSignOutFilter" />
    
    <bean id="casFilter" class="org.springframework.security.cas.web.CasAuthenticationFilter">
        <property name="authenticationManager" ref="authenticationManager"/>
        <property name="proxyGrantingTicketStorage" ref="pgtStorage" />
        <property name="proxyReceptorUrl" value="/j_spring_cas_security_proxyreceptor" />
    </bean>
    
    <sec:authentication-manager alias="authenticationManager">
        <sec:authentication-provider ref="casAuthenticationProvider"/>
    </sec:authentication-manager>

    <!--<bean id="casAuthenticationFilter" class="org.springframework.security.cas.web.CasAuthenticationFilter">
        <property name="authenticationManager" ref="authenticationManager"/>
        <property name="authenticationFailureHandler">
            <bean class="org.springframework.security.web.authentication.SimpleUrlAuthenticationFailureHandler">
                <property name="defaultFailureUrl" value="/falla.xhtml"/>
            </bean>
        </property>
        <property name="authenticationSuccessHandler">
            <bean class="org.springframework.security.web.authentication.SimpleUrlAuthenticationSuccessHandler">
                <property name="defaultTargetUrl" value="/"/>
            </bean>
        </property>
        <property name="proxyGrantingTicketStorage" ref="proxyGrantingTicketStorage" />
        <property name="proxyReceptorUrl" value="/secure/receptor" />
    </bean>-->

    <bean id="casAuthenticationProvider" class="org.springframework.security.cas.authentication.CasAuthenticationProvider">
        <property name="userDetailsService" ref="userService"/>
        <property name="serviceProperties" ref="serviceProperties" />
        <property name="ticketValidator">
            <bean class="org.jasig.cas.client.validation.Cas20ProxyTicketValidator">
               <constructor-arg index="0" value="https://grupof:8443/cas"/>
               <property name="proxyCallbackUrl" value="https://grupof:8443/SAIN/j_spring_cas_security_proxyreceptor" />
               <property name="proxyGrantingTicketStorage" ref="pgtStorage"/>
            </bean>
        </property>
        <!--<property name="ticketValidator">
            <bean class="org.jasig.cas.client.validation.Cas20ServiceTicketValidator">
                <constructor-arg index="0" value="https://grupof:8443/cas" />
                <property name="proxyGrantingTicketStorage" ref="proxyGrantingTicketStorage" />
                <property name="proxyCallbackUrl" value="https://grupof:8443/SAIN_Spring/secure/receptor" />
            </bean>
        </property>-->
        <property name="key" value="an_id_for_this_auth_provider_only"/>
    </bean>

    <bean id="pgtStorage" class="org.jasig.cas.client.proxy.ProxyGrantingTicketStorageImpl"/>



    <sec:user-service id="userService">
        <sec:user name="rod" password="rod" authorities="ROLE_SUPERVISOR,ROLE_USER" />
        <sec:user name="dianne" password="dianne" authorities="ROLE_USER" />
        <sec:user name="scott" password="scott" authorities="ROLE_USER" />
        <sec:user name="admin" password="admin" authorities="ROLE_SUPERVISOR,ROLE_USER" />
        <sec:user name="inspector" password="inspector" authorities="ROLE_INSPECTOR" />
        <sec:user name="profesor" password="profesor" authorities="ROLE_PROFESOR" />
        <sec:user name="rector" password="rector" authorities="ROLE_RECTOR" />
        <sec:user name="vicerrector" password="vicerrector" authorities="ROLE_RECTOR" />
        <sec:user name="secretario" password="secretario" authorities="ROLE_SECRETARIO" />
        <sec:user name="cesar" password="930617" authorities="ROLE_RECTOR" />
    </sec:user-service>
</beans>
