<?xml version="1.0" encoding="UTF-8"?>
<beans xmlns="http://www.springframework.org/schema/beans"
        xmlns:xsi="http://www.w3.org/2001/XMLSchema-instance"
        xsi:schemaLocation="http://www.springframework.org/schema/beans
        http://www.springframework.org/schema/beans/spring-beans-2.5.xsd">
    
    <bean class="org.springframework.beans.factory.config.PropertyPlaceholderConfigurer">
      <property name="location">
           <value>WEB-INF/springConfig/database/db.properties</value>
      </property>
    </bean>
    
    <!-- sin pool de conexiones, cada vez secrea una nueva   -->
    <!--<bean id="dataSource" class="org.springframework.jdbc.datasource.DriverManagerDataSource">
	<property name="driverClassName" value="${jdbc.driverClassName}" />
	<property name="url" value="${jdbc.url}" />
	<property name="username" value="${jdbc.username}" />
	<property name="password" value="${jdbc.password}" />
     </bean>-->
     
     <!-- Con pool de conexiones      -->
     <bean id="dataSource" class="org.apache.commons.dbcp.BasicDataSource">
	<property name="driverClassName" value="${jdbc.driverClassName}" />
	<property name="url" value="${jdbc.url}" />
	<property name="username" value="${jdbc.username}" />
	<property name="password" value="${jdbc.password}" />
        
        <!-- Número inicial de conexiones abiertas -->  
        <property name="initialSize"  value="6"/>
          
        <!-- Número máximo de conexiones abiertas  -->  
        <property name="maxActive"    value="10"/>
     </bean>
    
</beans>
