<?xml version="1.0" encoding="UTF-8"?>
<beans xmlns="http://www.springframework.org/schema/beans"
        xmlns:xsi="http://www.w3.org/2001/XMLSchema-instance"
        xsi:schemaLocation="http://www.springframework.org/schema/beans
        http://www.springframework.org/schema/beans/spring-beans-2.5.xsd">
    
    <bean id="sessionFactory" class="org.springframework.orm.hibernate3.LocalSessionFactoryBean">
        <property name="dataSource">
          <ref bean="dataSource"/>
        </property>

        <property name="hibernateProperties">
           <props>
             <prop key="hibernate.dialect">org.hibernate.dialect.PostgreSQLDialect</prop>
             <prop key="hibernate.show_sql">true</prop>
           </props>
        </property>

        <property name="mappingResources">
            <list>
                <value>/com/sain/modelo/Citacion.hbm.xml</value>
                <value>/com/sain/modelo/Planificacion.hbm.xml</value>
                <value>/com/sain/modelo/Materia.hbm.xml</value>
                <value>/com/sain/modelo/Modulo.hbm.xml</value>
                <value>/com/sain/modelo/Asistencia.hbm.xml</value>
                <value>/com/sain/modelo/Rol.hbm.xml</value>
                <value>/com/sain/modelo/Evidencia.hbm.xml</value>
                <value>/com/sain/modelo/Unidad.hbm.xml</value>
                <value>/com/sain/modelo/Curso.hbm.xml</value>
                <value>/com/sain/modelo/Empleado.hbm.xml</value>
                <value>/com/sain/modelo/Quimestre.hbm.xml</value>
                <value>/com/sain/modelo/Parcial.hbm.xml</value>
                <value>/com/sain/modelo/Matricula.hbm.xml</value>
                <value>/com/sain/modelo/Estudiante.hbm.xml</value>
                <value>/com/sain/modelo/Parametro.hbm.xml</value>
                <value>/com/sain/modelo/Rolempleado.hbm.xml</value>
            </list>
         </property>	
    </bean>
    
</beans>
