<?xml version="1.0" encoding="UTF-8"?>
<!DOCTYPE hibernate-reverse-engineering PUBLIC "-//Hibernate/Hibernate Reverse Engineering DTD 3.0//EN" "http://hibernate.sourceforge.net/hibernate-reverse-engineering-3.0.dtd">
<hibernate-reverse-engineering>
  <schema-selection match-catalog="sain" match-schema="public"/>
  <table-filter match-name="unidad"/>
  <table-filter match-name="parametro"/>
  <table-filter match-name="asistencia"/>
  <table-filter match-name="matricula"/>
  <table-filter match-name="empleado"/>
  <table-filter match-name="modulo"/>
  <table-filter match-name="citacion"/>
  <table-filter match-name="parcial"/>
  <table-filter match-name="rol"/>
  <table-filter match-name="evidencia"/>
  <table-filter match-name="curso"/>
  <table-filter match-name="materia"/>
  <table-filter match-name="rolempleado"/>
  <table-filter match-name="estudiante"/>
  <table-filter match-name="quimestre"/>
  <table-filter match-name="planificacion"/>
</hibernate-reverse-engineering>
